Scheme,Repeat,Method,N,Accuracy,BalancedAccuracy,MacroF1,QWK,MAE,Within1,SevereErrorRate
five_class,0,CorePF_LR,882,0.6678004535147393,0.6521493940749332,0.6433703318708447,0.9043087645292704,0.3673469387755102,0.9648526077097506,0.035147392290249435
five_class,1,CorePF_LR,882,0.6621315192743764,0.6456831932621668,0.6362183209680143,0.9031067146101055,0.373015873015873,0.9648526077097506,0.035147392290249435
five_class,2,CorePF_LR,882,0.6632653061224489,0.6471793579162262,0.6374959305848573,0.9035829428308909,0.37188208616780044,0.9648526077097506,0.035147392290249435
five_class,3,CorePF_LR,882,0.6632653061224489,0.6472921044718809,0.6373122221498638,0.9033439867191412,0.37188208616780044,0.9648526077097506,0.035147392290249435
five_class,4,CorePF_LR,882,0.6632653061224489,0.6474518882783562,0.6387519387420857,0.9032691854510646,0.37188208616780044,0.9648526077097506,0.035147392290249435
five_class,5,CorePF_LR,882,0.6655328798185941,0.6498109368635946,0.640235776316383,0.9040299372213507,0.36961451247165533,0.9648526077097506,0.035147392290249435
five_class,6,CorePF_LR,882,0.6655328798185941,0.6504769940576993,0.6407080289052662,0.9030586687580641,0.3707482993197279,0.963718820861678,0.036281179138321996
five_class,7,CorePF_LR,882,0.6655328798185941,0.6501223902909634,0.6414920971991294,0.9038606218370584,0.36961451247165533,0.9648526077097506,0.035147392290249435
five_class,8,CorePF_LR,882,0.6678004535147393,0.652222493490138,0.64339072455148,0.9035755658891025,0.36848072562358275,0.963718820861678,0.036281179138321996
five_class,9,CorePF_LR,882,0.6609977324263039,0.6452651006879111,0.6348977767367406,0.9020727774183013,0.37528344671201813,0.963718820861678,0.036281179138321996
five_class,0,GlobalPF_LR,882,0.6723356009070295,0.6629700414212667,0.6580917041878798,0.9135287458525538,0.3435374149659864,0.9841269841269841,0.015873015873015872
five_class,1,GlobalPF_LR,882,0.6666666666666666,0.6564478293682785,0.6518171484419005,0.9106597361055577,0.35147392290249435,0.981859410430839,0.018140589569160998
five_class,2,GlobalPF_LR,882,0.6666666666666666,0.6579944952868289,0.6530211051612029,0.9121408204008616,0.3492063492063492,0.9841269841269841,0.015873015873015872
five_class,3,GlobalPF_LR,882,0.6723356009070295,0.6630602290114542,0.6579033141485666,0.9129170088345835,0.34467120181405897,0.9829931972789115,0.017006802721088437
five_class,4,GlobalPF_LR,882,0.6700680272108843,0.6607272425905999,0.6557710713481443,0.9131224690817555,0.3458049886621315,0.9841269841269841,0.015873015873015872
five_class,5,GlobalPF_LR,882,0.6700680272108843,0.6613283145550816,0.6568913918682049,0.9120690790859637,0.3469387755102041,0.9829931972789115,0.017006802721088437
five_class,6,GlobalPF_LR,882,0.673469387755102,0.6642687427199679,0.6596195844699009,0.9129753295877242,0.3435374149659864,0.9829931972789115,0.017006802721088437
five_class,7,GlobalPF_LR,882,0.6678004535147393,0.6575777728711033,0.6527769674135646,0.9101898395832729,0.35147392290249435,0.9807256235827665,0.01927437641723356
five_class,8,GlobalPF_LR,882,0.6678004535147393,0.6578367182571674,0.6530176217056469,0.9124581578615223,0.34807256235827666,0.9841269841269841,0.015873015873015872
five_class,9,GlobalPF_LR,882,0.6621315192743764,0.6515905397652262,0.6469767805215946,0.9104088028150245,0.35487528344671204,0.9829931972789115,0.017006802721088437
five_class,0,GlobalPF_Threshold,882,0.6678004535147393,0.6601421848981801,0.65770081781457,0.9087928383627945,0.35034013605442177,0.981859410430839,0.018140589569160998
five_class,1,GlobalPF_Threshold,882,0.6723356009070295,0.664830716705356,0.662367009723752,0.9107501113396814,0.34467120181405897,0.9829931972789115,0.017006802721088437
five_class,2,GlobalPF_Threshold,882,0.6700680272108843,0.6630906880634015,0.6612077898976867,0.909603085950154,0.3469387755102041,0.9829931972789115,0.017006802721088437
five_class,3,GlobalPF_Threshold,882,0.6723356009070295,0.664813628530373,0.6624183970320446,0.9105799789341403,0.34467120181405897,0.9829931972789115,0.017006802721088437
five_class,4,GlobalPF_Threshold,882,0.6700680272108843,0.6624806421095186,0.6603089210672921,0.9100175439555335,0.3469387755102041,0.9829931972789115,0.017006802721088437
five_class,5,GlobalPF_Threshold,882,0.6678004535147393,0.6597930519219284,0.6576830094480612,0.907776312693888,0.35147392290249435,0.9807256235827665,0.01927437641723356
five_class,6,GlobalPF_Threshold,882,0.6678004535147393,0.6598661513371331,0.6577228760172198,0.9095516905128729,0.3492063492063492,0.9829931972789115,0.017006802721088437
five_class,7,GlobalPF_Threshold,882,0.6757369614512472,0.6686482503957711,0.6660565931312196,0.9107023879748259,0.3424036281179138,0.981859410430839,0.018140589569160998
five_class,8,GlobalPF_Threshold,882,0.6689342403628118,0.6608102488690987,0.658502080990764,0.9090437583599487,0.3492063492063492,0.981859410430839,0.018140589569160998
five_class,9,GlobalPF_Threshold,882,0.671201814058957,0.6635709384718934,0.6607561083029265,0.9106633714078041,0.3458049886621315,0.9829931972789115,0.017006802721088437
five_class,0,LocalTail_LR,882,0.46938775510204084,0.4262556060458406,0.4030924099252256,0.6986396534801079,0.7346938775510204,0.8378684807256236,0.1621315192743764
five_class,1,LocalTail_LR,882,0.47052154195011336,0.4273855495486655,0.40436606772647243,0.7049697622102489,0.7267573696145124,0.8412698412698413,0.15873015873015872
five_class,2,LocalTail_LR,882,0.4671201814058957,0.42329548549612045,0.3999277167560013,0.7069798844723558,0.7278911564625851,0.8424036281179138,0.15759637188208617
five_class,3,LocalTail_LR,882,0.47505668934240364,0.43191429754936606,0.4082846341315151,0.7040382548227706,0.7233560090702947,0.8424036281179138,0.15759637188208617
five_class,4,LocalTail_LR,882,0.47052154195011336,0.4271130191865355,0.40470536822149994,0.7058547362084209,0.7267573696145124,0.8401360544217688,0.1598639455782313
five_class,5,LocalTail_LR,882,0.47165532879818595,0.4284117204852368,0.40519498276917804,0.709154957631218,0.719954648526077,0.8469387755102041,0.15306122448979592
five_class,6,LocalTail_LR,882,0.47392290249433106,0.4308745416367287,0.40796399174797304,0.7044561723741122,0.7256235827664399,0.8401360544217688,0.1598639455782313
five_class,7,LocalTail_LR,882,0.4671201814058957,0.42391714883450204,0.4005369661127526,0.6997708231912572,0.735827664399093,0.8378684807256236,0.1621315192743764
five_class,8,LocalTail_LR,882,0.47278911564625853,0.42956422295352875,0.40467034105352634,0.702683569510963,0.7244897959183674,0.8424036281179138,0.15759637188208617
five_class,9,LocalTail_LR,882,0.47165532879818595,0.4289431962334308,0.4054249229692489,0.7023694841860444,0.7267573696145124,0.8435374149659864,0.1564625850340136
five_class,0,MidpointCompact_LR,882,0.7278911564625851,0.7245970410709089,0.7232936181728452,0.928679114210575,0.2811791383219955,0.9909297052154195,0.009070294784580499
five_class,1,MidpointCompact_LR,882,0.7267573696145124,0.7228193720653184,0.7212822226233755,0.9276594728888286,0.2834467120181406,0.9897959183673469,0.01020408163265306
five_class,2,MidpointCompact_LR,882,0.7256235827664399,0.7221513080943998,0.7204821831979196,0.9267206015225,0.2857142857142857,0.9886621315192744,0.011337868480725623
five_class,3,MidpointCompact_LR,882,0.7256235827664399,0.7221171317444339,0.7203440687005381,0.9266415476510091,0.2857142857142857,0.9886621315192744,0.011337868480725623
five_class,4,MidpointCompact_LR,882,0.7267573696145124,0.7238127273454188,0.7225308106033494,0.9276766487512552,0.2834467120181406,0.9897959183673469,0.01020408163265306
five_class,5,MidpointCompact_LR,882,0.7290249433106576,0.7263930417678384,0.7251852469779296,0.928194668803373,0.2811791383219955,0.9897959183673469,0.01020408163265306
five_class,6,MidpointCompact_LR,882,0.7267573696145124,0.7228364602403013,0.7212691040406034,0.9270159603540774,0.28458049886621317,0.9886621315192744,0.011337868480725623
five_class,7,MidpointCompact_LR,882,0.7233560090702947,0.7198482707493832,0.7177610847293069,0.9270474135957676,0.2868480725623583,0.9897959183673469,0.01020408163265306
five_class,8,MidpointCompact_LR,882,0.7290249433106576,0.7256367969835462,0.7240598118385215,0.9273416929166893,0.282312925170068,0.9886621315192744,0.011337868480725623
five_class,9,MidpointCompact_LR,882,0.7233560090702947,0.7202199626911019,0.7186853755203891,0.9268014824551034,0.2868480725623583,0.9897959183673469,0.01020408163265306
five_class,0,MidpointCompact_RF,882,0.7052154195011338,0.7007968427822024,0.7002254636608888,0.9194767832307206,0.3072562358276644,0.9886621315192744,0.011337868480725623
five_class,1,MidpointCompact_RF,882,0.6950113378684807,0.6900766840134265,0.6900197014873741,0.9147031979271653,0.32086167800453513,0.9852607709750567,0.01473922902494331
five_class,2,MidpointCompact_RF,882,0.7074829931972789,0.7021091682422165,0.7013464036517647,0.9183304597754365,0.30839002267573695,0.9841269841269841,0.015873015873015872
five_class,3,MidpointCompact_RF,882,0.6802721088435374,0.6763244221539073,0.6747302885126483,0.9129312428614396,0.3344671201814059,0.9852607709750567,0.01473922902494331
five_class,4,MidpointCompact_RF,882,0.6984126984126984,0.6950019467684893,0.694723180953422,0.9155149744430099,0.3163265306122449,0.9863945578231292,0.013605442176870748
five_class,5,MidpointCompact_RF,882,0.7040816326530612,0.6981447116461809,0.6971867022511461,0.9185716369562903,0.31065759637188206,0.9852607709750567,0.01473922902494331
five_class,6,MidpointCompact_RF,882,0.7006802721088435,0.6970323180227677,0.6968243339271349,0.9175928388612987,0.3129251700680272,0.9863945578231292,0.013605442176870748
five_class,7,MidpointCompact_RF,882,0.691609977324263,0.6877852248676617,0.6875955562717297,0.915918206146115,0.3219954648526077,0.9863945578231292,0.013605442176870748
five_class,8,MidpointCompact_RF,882,0.7052154195011338,0.702001382122335,0.7001388823689957,0.9166780009416167,0.31179138321995464,0.9841269841269841,0.015873015873015872
five_class,9,MidpointCompact_RF,882,0.6972789115646258,0.6924380839027688,0.6920482599426288,0.914660355135283,0.3197278911564626,0.9829931972789115,0.017006802721088437
five_class,0,MidpointExtended_LR,882,0.746031746031746,0.7442575912045136,0.7416130856146154,0.9298981982195155,0.2675736961451247,0.9875283446712018,0.012471655328798186
five_class,1,MidpointExtended_LR,882,0.7437641723356009,0.7418849576432093,0.7390147159388919,0.9278179462759892,0.272108843537415,0.9852607709750567,0.01473922902494331
five_class,2,MidpointExtended_LR,882,0.7369614512471655,0.7356619747350187,0.7330512535017923,0.9254799962800174,0.2789115646258503,0.9863945578231292,0.013605442176870748
five_class,3,MidpointExtended_LR,882,0.7369614512471655,0.7357315709513065,0.7333727719544378,0.9273080029572524,0.2766439909297052,0.9875283446712018,0.012471655328798186
five_class,4,MidpointExtended_LR,882,0.7392290249433107,0.7381602157528326,0.7355288460740323,0.9281220370896321,0.2743764172335601,0.9875283446712018,0.012471655328798186
five_class,5,MidpointExtended_LR,882,0.7414965986394558,0.7394563128416831,0.7370740289511224,0.9300946780708728,0.2709750566893424,0.9875283446712018,0.012471655328798186
five_class,6,MidpointExtended_LR,882,0.7392290249433107,0.7365303686419287,0.7339547154010135,0.9261696806545711,0.2766439909297052,0.9863945578231292,0.013605442176870748
five_class,7,MidpointExtended_LR,882,0.7380952380952381,0.7364121121105431,0.7337593416025285,0.9288279417037828,0.2743764172335601,0.9886621315192744,0.011337868480725623
five_class,8,MidpointExtended_LR,882,0.7392290249433107,0.7366820382628223,0.7339119689836637,0.9277306676164624,0.2755102040816326,0.9863945578231292,0.013605442176870748
five_class,9,MidpointExtended_LR,882,0.7380952380952381,0.7355170586062121,0.7328121156870158,0.9284922626960592,0.2755102040816326,0.9863945578231292,0.013605442176870748
five_class,0,Prevalence_LR,882,0.6473922902494331,0.6308489341726473,0.6004715133833194,0.9089951527424112,0.3764172335600907,0.9761904761904762,0.023809523809523808
five_class,1,Prevalence_LR,882,0.6462585034013606,0.6297189906698224,0.5993250041390066,0.9067952196564232,0.3798185941043084,0.9750566893424036,0.024943310657596373
five_class,2,Prevalence_LR,882,0.6428571428571429,0.6266829041242643,0.5961723517829502,0.9073801311092332,0.38095238095238093,0.9773242630385488,0.022675736961451247
five_class,3,Prevalence_LR,882,0.6439909297052154,0.6290184947549695,0.5984188756331681,0.9085805187498788,0.3786848072562358,0.9773242630385488,0.022675736961451247
five_class,4,Prevalence_LR,882,0.645124716553288,0.6287659191484558,0.5984604618308641,0.909204013739756,0.37755102040816324,0.9773242630385488,0.022675736961451247
five_class,5,Prevalence_LR,882,0.645124716553288,0.6285971613525793,0.598392799497352,0.9099632006241933,0.3764172335600907,0.9784580498866213,0.021541950113378686
five_class,6,Prevalence_LR,882,0.6439909297052154,0.6283272352003002,0.5978168115171117,0.9095199515555051,0.37755102040816324,0.9784580498866213,0.021541950113378686
five_class,7,Prevalence_LR,882,0.6439909297052154,0.6279816054229655,0.5974822386159098,0.9081014870626161,0.3798185941043084,0.9761904761904762,0.023809523809523808
five_class,8,Prevalence_LR,882,0.645124716553288,0.6292803067216669,0.5987868321431741,0.9097981528439536,0.3764172335600907,0.9784580498866213,0.021541950113378686
five_class,9,Prevalence_LR,882,0.645124716553288,0.6299715662763361,0.5994773257856542,0.9069704219526793,0.3798185941043084,0.9761904761904762,0.023809523809523808
five_class,0,VRI_Threshold,882,0.6235827664399093,0.6127158279850204,0.6167228054549702,0.883501667766828,0.40476190476190477,0.971655328798186,0.02834467120181406
five_class,1,VRI_Threshold,882,0.6281179138321995,0.6183779835022161,0.6223154087901098,0.8839610833511254,0.4002267573696145,0.971655328798186,0.02834467120181406
five_class,2,VRI_Threshold,882,0.6235827664399093,0.6136505286298013,0.6191020237957393,0.88340319429856,0.4036281179138322,0.9727891156462585,0.027210884353741496
five_class,3,VRI_Threshold,882,0.6224489795918368,0.612070322979569,0.6172436317746968,0.8835702388829314,0.40476190476190477,0.9727891156462585,0.027210884353741496
five_class,4,VRI_Threshold,882,0.6258503401360545,0.6183306838806131,0.623324411395685,0.8841413830816223,0.4002267573696145,0.9739229024943311,0.026077097505668934
five_class,5,VRI_Threshold,882,0.6247165532879818,0.6151431900849438,0.621174138767847,0.8815951947220718,0.40476190476190477,0.9705215419501134,0.02947845804988662
five_class,6,VRI_Threshold,882,0.6235827664399093,0.6146178217455176,0.6203314166503858,0.8824247283617991,0.40476190476190477,0.971655328798186,0.02834467120181406
five_class,7,VRI_Threshold,882,0.626984126984127,0.6182063591257064,0.6226358360899349,0.8834489593657087,0.4013605442176871,0.971655328798186,0.02834467120181406
five_class,8,VRI_Threshold,882,0.6224489795918368,0.6133464261275564,0.6176274072156789,0.8823628635706566,0.40589569160997735,0.971655328798186,0.02834467120181406
five_class,9,VRI_Threshold,882,0.6201814058956916,0.6118290632015247,0.6170641067902092,0.8815813516662507,0.40816326530612246,0.971655328798186,0.02834467120181406
