Scheme,HeldField,Method,N,Accuracy,BalancedAccuracy,MacroF1,QWK,MAE,Within1,SevereErrorRate,Altitude
five_class,1,MidpointCompact_LR,440,0.6363636363636364,0.4636193158054371,0.45876922347574045,0.8942079100929328,0.4340909090909091,0.9431818181818182,0.056818181818181816,20
five_class,2,MidpointCompact_LR,126,0.5793650793650794,0.5898579281787677,0.49796938426174986,0.6700597477317991,0.46825396825396826,0.9523809523809523,0.047619047619047616,20
five_class,3,MidpointCompact_LR,212,0.5849056603773585,0.6283728208728209,0.5815937270276893,0.7957801803149901,0.4386792452830189,0.9764150943396226,0.02358490566037736,20
five_class,1,MidpointExtended_LR,440,0.6272727272727273,0.46503194291461136,0.45871762711391745,0.8914080620064003,0.44772727272727275,0.9318181818181818,0.06818181818181818,20
five_class,2,MidpointExtended_LR,126,0.6190476190476191,0.6661540658242308,0.5927394344785648,0.7178502879078694,0.42063492063492064,0.9603174603174603,0.03968253968253968,20
five_class,3,MidpointExtended_LR,212,0.5754716981132075,0.6526088686088686,0.5861927955417388,0.7998705361959219,0.4481132075471698,0.9764150943396226,0.02358490566037736,20
five_class,1,MidpointCompact_LR,440,0.7272727272727273,0.5599338218156857,0.5564256471819498,0.9509803921568627,0.2772727272727273,0.9954545454545455,0.004545454545454545,40
five_class,2,MidpointCompact_LR,126,0.6984126984126984,0.6609909331048761,0.5930890388942462,0.8138378378378378,0.30952380952380953,0.9920634920634921,0.007936507936507936,40
five_class,3,MidpointCompact_LR,212,0.6981132075471698,0.7153391248391248,0.6890050734901986,0.8538075066495912,0.3113207547169811,0.9905660377358491,0.009433962264150943,40
five_class,1,MidpointExtended_LR,440,0.7318181818181818,0.5652102102389732,0.5607672935221475,0.9469529184825319,0.27954545454545454,0.990909090909091,0.00909090909090909,40
five_class,2,MidpointExtended_LR,126,0.7063492063492064,0.733496109088313,0.6895525389643038,0.8219584569732938,0.30158730158730157,0.9920634920634921,0.007936507936507936,40
five_class,3,MidpointExtended_LR,212,0.7216981132075472,0.7618880308880309,0.7222043951077641,0.8724849143367159,0.2830188679245283,0.9952830188679245,0.0047169811320754715,40
five_class,1,MidpointCompact_LR,440,0.7568181818181818,0.588494420765289,0.5834068496662825,0.9545111012876638,0.25,0.9931818181818182,0.006818181818181818,60
five_class,2,MidpointCompact_LR,126,0.6190476190476191,0.6301791961162275,0.5550836920133907,0.721608484312859,0.4126984126984127,0.9682539682539683,0.031746031746031744,60
five_class,3,MidpointCompact_LR,212,0.6981132075471698,0.707015093015093,0.6846998925648562,0.8566353102668658,0.30660377358490565,0.9952830188679245,0.0047169811320754715,60
five_class,1,MidpointExtended_LR,440,0.7818181818181819,0.6020737704132944,0.5983719883043551,0.9560430856961825,0.22954545454545455,0.9886363636363636,0.011363636363636364,60
five_class,2,MidpointExtended_LR,126,0.6428571428571429,0.6445891340044264,0.5685529953917051,0.748335552596538,0.38095238095238093,0.9761904761904762,0.023809523809523808,60
five_class,3,MidpointExtended_LR,212,0.6745283018867925,0.7229655434655434,0.6691516037568669,0.8492890995260663,0.33490566037735847,0.9905660377358491,0.009433962264150943,60
five_class,1,MidpointCompact_LR,440,0.7431818181818182,0.5603656019028463,0.5541033666185667,0.947615406006674,0.27045454545454545,0.990909090909091,0.00909090909090909,80
five_class,2,MidpointCompact_LR,126,0.6666666666666666,0.6747154993931604,0.5914447083278251,0.7730751913552454,0.3492063492063492,0.9841269841269841,0.015873015873015872,80
five_class,3,MidpointCompact_LR,212,0.6179245283018868,0.6629296244296243,0.6345546469005103,0.8214105891010497,0.3915094339622642,0.9905660377358491,0.009433962264150943,80
five_class,1,MidpointExtended_LR,440,0.7477272727272727,0.5664312628705522,0.5595875182234655,0.9451703219785348,0.27045454545454545,0.9863636363636363,0.013636363636363636,80
five_class,2,MidpointExtended_LR,126,0.6666666666666666,0.7250489041193688,0.6795863945578231,0.7946098674201261,0.3412698412698413,0.9920634920634921,0.007936507936507936,80
five_class,3,MidpointExtended_LR,212,0.6415094339622641,0.6778711828711829,0.6473466518682944,0.828853840549747,0.36792452830188677,0.9905660377358491,0.009433962264150943,80
five_class,1,MidpointCompact_LR,440,0.7613636363636364,0.6066880066408059,0.603045255816683,0.9504068442161757,0.25227272727272726,0.9886363636363636,0.011363636363636364,100
five_class,2,MidpointCompact_LR,126,0.6190476190476191,0.7056657385592917,0.6513065715135296,0.737211855104281,0.40476190476190477,0.9761904761904762,0.023809523809523808,100
five_class,3,MidpointCompact_LR,212,0.5943396226415094,0.6460942435942436,0.5985288791981839,0.8118559035009871,0.42452830188679247,0.9811320754716981,0.018867924528301886,100
five_class,1,MidpointExtended_LR,440,0.7977272727272727,0.6450934214517184,0.6394755590693288,0.9522027665656377,0.225,0.9795454545454545,0.020454545454545454,100
five_class,2,MidpointExtended_LR,126,0.6190476190476191,0.6998272292425216,0.6524879042526102,0.7761989342806395,0.38095238095238093,1.0,0.0,100
five_class,3,MidpointExtended_LR,212,0.6226415094339622,0.6621210951210952,0.6235105792285984,0.8134338352049894,0.39622641509433965,0.9811320754716981,0.018867924528301886,100
five_class,1,MidpointCompact_LR,440,0.7,0.528369305429178,0.5313263001763076,0.9362565192196253,0.31363636363636366,0.990909090909091,0.00909090909090909,120
five_class,2,MidpointCompact_LR,126,0.6349206349206349,0.6314128649960734,0.5830800405268489,0.6460401754791041,0.42063492063492064,0.9603174603174603,0.03968253968253968,120
five_class,3,MidpointCompact_LR,212,0.5990566037735849,0.6467708552708553,0.582995170064374,0.7925598764767137,0.4386792452830189,0.9622641509433962,0.03773584905660377,120
five_class,1,MidpointExtended_LR,440,0.7818181818181819,0.5798722666538959,0.5775498570920261,0.9462338339440107,0.2431818181818182,0.9795454545454545,0.020454545454545454,120
five_class,2,MidpointExtended_LR,126,0.6428571428571429,0.6607467694724067,0.6127139744786804,0.7040930440617312,0.3888888888888889,0.9841269841269841,0.015873015873015872,120
five_class,3,MidpointExtended_LR,212,0.6132075471698113,0.7009495729495729,0.6277309727625654,0.8179597039764881,0.41037735849056606,0.9764150943396226,0.02358490566037736,120
