Scheme,HeldField,Method,TreeKey,OriginalClass,True,Pred
five_class,1,MidpointCompact_LR,1|0101|1,4,4,4
five_class,1,MidpointCompact_LR,1|0102|1,4,4,4
five_class,1,MidpointCompact_LR,1|0103|1,4,4,4
five_class,1,MidpointCompact_LR,1|0104|1,4,4,4
five_class,1,MidpointCompact_LR,1|0105|1,4,4,4
five_class,1,MidpointCompact_LR,1|0106|1,4,4,4
five_class,1,MidpointCompact_LR,1|0107|1,4,4,3
five_class,1,MidpointCompact_LR,1|0108|1,4,4,4
five_class,1,MidpointCompact_LR,1|0109|1,4,4,4
five_class,1,MidpointCompact_LR,1|0110|1,4,4,4
five_class,1,MidpointCompact_LR,1|0111|1,4,4,4
five_class,1,MidpointCompact_LR,1|0112|1,4,4,4
five_class,1,MidpointCompact_LR,1|0113|1,4,4,4
five_class,1,MidpointCompact_LR,1|0114|1,4,4,4
five_class,1,MidpointCompact_LR,1|0115|1,4,4,4
five_class,1,MidpointCompact_LR,1|0116|1,4,4,3
five_class,1,MidpointCompact_LR,1|0117|1,4,4,4
five_class,1,MidpointCompact_LR,1|0118|1,4,4,4
five_class,1,MidpointCompact_LR,1|0119|1,4,4,4
five_class,1,MidpointCompact_LR,1|0120|1,4,4,4
five_class,1,MidpointCompact_LR,1|0121|1,4,4,2
five_class,1,MidpointCompact_LR,1|0122|1,4,4,3
five_class,1,MidpointCompact_LR,1|0123|1,4,4,3
five_class,1,MidpointCompact_LR,1|0124|1,4,4,3
five_class,1,MidpointCompact_LR,1|0125|1,4,4,4
five_class,1,MidpointCompact_LR,1|0126|1,4,4,3
five_class,1,MidpointCompact_LR,1|0127|2,0,0,0
five_class,1,MidpointCompact_LR,1|0128|2,1,1,1
five_class,1,MidpointCompact_LR,1|0129|2,1,1,1
five_class,1,MidpointCompact_LR,1|0130|2,1,1,1
five_class,1,MidpointCompact_LR,1|0131|2,1,1,1
five_class,1,MidpointCompact_LR,1|0132|2,1,1,1
five_class,1,MidpointCompact_LR,1|0133|2,2,2,1
five_class,1,MidpointCompact_LR,1|0134|2,1,1,1
five_class,1,MidpointCompact_LR,1|0135|2,1,1,1
five_class,1,MidpointCompact_LR,1|0136|2,1,1,1
five_class,1,MidpointCompact_LR,1|0137|2,1,1,0
five_class,1,MidpointCompact_LR,1|0138|2,1,1,1
five_class,1,MidpointCompact_LR,1|0139|2,1,1,1
five_class,1,MidpointCompact_LR,1|0140|2,2,2,1
five_class,1,MidpointCompact_LR,1|0141|2,2,2,1
five_class,1,MidpointCompact_LR,1|0142|2,0,0,0
five_class,1,MidpointCompact_LR,1|0143|2,1,1,1
five_class,1,MidpointCompact_LR,1|0144|2,1,1,1
five_class,1,MidpointCompact_LR,1|0145|2,1,1,0
five_class,1,MidpointCompact_LR,1|0146|2,0,0,0
five_class,1,MidpointCompact_LR,1|0147|2,1,1,1
five_class,1,MidpointCompact_LR,1|0148|2,0,0,0
five_class,1,MidpointCompact_LR,1|0149|2,1,1,1
five_class,1,MidpointCompact_LR,1|0150|2,1,1,1
five_class,1,MidpointCompact_LR,1|0151|2,1,1,1
five_class,1,MidpointCompact_LR,1|0152|2,1,1,1
five_class,1,MidpointCompact_LR,1|0153|2,1,1,1
five_class,1,MidpointCompact_LR,1|0154|2,0,0,1
five_class,1,MidpointCompact_LR,1|0155|2,0,0,0
five_class,1,MidpointCompact_LR,1|0156|2,1,1,1
five_class,1,MidpointCompact_LR,1|0157|2,1,1,1
five_class,1,MidpointCompact_LR,1|0158|2,1,1,1
five_class,1,MidpointCompact_LR,1|0159|2,1,1,1
five_class,1,MidpointCompact_LR,1|0160|2,1,1,0
five_class,1,MidpointCompact_LR,1|0161|2,2,2,2
five_class,1,MidpointCompact_LR,1|0162|2,1,1,1
five_class,1,MidpointCompact_LR,1|0163|2,1,1,1
five_class,1,MidpointCompact_LR,1|0164|2,1,1,1
five_class,1,MidpointCompact_LR,1|0165|2,0,0,2
five_class,1,MidpointCompact_LR,1|0166|2,2,2,2
five_class,1,MidpointCompact_LR,1|0167|2,1,1,1
five_class,1,MidpointCompact_LR,1|0168|2,2,2,1
five_class,1,MidpointCompact_LR,1|0169|2,0,0,0
five_class,1,MidpointCompact_LR,1|0170|2,1,1,1
five_class,1,MidpointCompact_LR,1|0171|2,0,0,0
five_class,1,MidpointCompact_LR,1|0172|2,0,0,0
five_class,1,MidpointCompact_LR,1|0173|2,1,1,1
five_class,1,MidpointCompact_LR,1|0174|2,0,0,0
five_class,1,MidpointCompact_LR,1|0201|1,4,4,3
five_class,1,MidpointCompact_LR,1|0202|1,4,4,4
five_class,1,MidpointCompact_LR,1|0203|1,4,4,4
five_class,1,MidpointCompact_LR,1|0204|1,4,4,4
five_class,1,MidpointCompact_LR,1|0205|1,4,4,4
five_class,1,MidpointCompact_LR,1|0206|1,4,4,4
five_class,1,MidpointCompact_LR,1|0207|1,4,4,4
five_class,1,MidpointCompact_LR,1|0208|1,4,4,4
five_class,1,MidpointCompact_LR,1|0209|1,4,4,4
five_class,1,MidpointCompact_LR,1|0210|1,4,4,4
five_class,1,MidpointCompact_LR,1|0211|1,4,4,4
five_class,1,MidpointCompact_LR,1|0212|1,4,4,4
five_class,1,MidpointCompact_LR,1|0213|1,4,4,4
five_class,1,MidpointCompact_LR,1|0214|1,4,4,4
five_class,1,MidpointCompact_LR,1|0215|1,4,4,4
five_class,1,MidpointCompact_LR,1|0216|1,3,3,2
five_class,1,MidpointCompact_LR,1|0217|1,4,4,3
five_class,1,MidpointCompact_LR,1|0218|1,4,4,3
five_class,1,MidpointCompact_LR,1|0219|1,4,4,4
five_class,1,MidpointCompact_LR,1|0220|1,4,4,4
five_class,1,MidpointCompact_LR,1|0221|1,4,4,2
five_class,1,MidpointCompact_LR,1|0222|1,4,4,3
five_class,1,MidpointCompact_LR,1|0223|1,4,4,4
five_class,1,MidpointCompact_LR,1|0224|1,4,4,4
five_class,1,MidpointCompact_LR,1|0225|1,4,4,4
five_class,1,MidpointCompact_LR,1|0226|1,4,4,4
five_class,1,MidpointCompact_LR,1|0227|1,4,4,3
five_class,1,MidpointCompact_LR,1|0228|2,0,0,0
five_class,1,MidpointCompact_LR,1|0229|2,1,1,1
five_class,1,MidpointCompact_LR,1|0230|2,1,1,1
five_class,1,MidpointCompact_LR,1|0231|2,2,2,1
five_class,1,MidpointCompact_LR,1|0232|2,3,3,2
five_class,1,MidpointCompact_LR,1|0233|2,2,2,1
five_class,1,MidpointCompact_LR,1|0234|2,3,3,2
five_class,1,MidpointCompact_LR,1|0235|2,3,3,2
five_class,1,MidpointCompact_LR,1|0236|2,1,1,1
five_class,1,MidpointCompact_LR,1|0237|2,0,0,0
five_class,1,MidpointCompact_LR,1|0238|2,1,1,1
five_class,1,MidpointCompact_LR,1|0239|2,1,1,0
five_class,1,MidpointCompact_LR,1|0240|2,0,0,0
five_class,1,MidpointCompact_LR,1|0241|2,2,2,1
five_class,1,MidpointCompact_LR,1|0242|2,1,1,0
five_class,1,MidpointCompact_LR,1|0243|2,0,0,0
five_class,1,MidpointCompact_LR,1|0244|2,0,0,0
five_class,1,MidpointCompact_LR,1|0245|2,1,1,1
five_class,1,MidpointCompact_LR,1|0246|2,1,1,1
five_class,1,MidpointCompact_LR,1|0247|2,2,2,1
five_class,1,MidpointCompact_LR,1|0248|2,1,1,1
five_class,1,MidpointCompact_LR,1|0249|2,0,0,0
five_class,1,MidpointCompact_LR,1|0250|2,0,0,0
five_class,1,MidpointCompact_LR,1|0251|2,2,2,2
five_class,1,MidpointCompact_LR,1|0252|2,1,1,1
five_class,1,MidpointCompact_LR,1|0253|2,3,3,2
five_class,1,MidpointCompact_LR,1|0254|2,3,3,2
five_class,1,MidpointCompact_LR,1|0255|2,2,2,1
five_class,1,MidpointCompact_LR,1|0256|2,2,2,1
five_class,1,MidpointCompact_LR,1|0257|2,1,1,0
five_class,1,MidpointCompact_LR,1|0258|2,1,1,1
five_class,1,MidpointCompact_LR,1|0259|2,0,0,0
five_class,1,MidpointCompact_LR,1|0260|2,0,0,0
five_class,1,MidpointCompact_LR,1|0261|2,1,1,0
five_class,1,MidpointCompact_LR,1|0262|2,0,0,0
five_class,1,MidpointCompact_LR,1|0263|2,2,2,1
five_class,1,MidpointCompact_LR,1|0264|2,2,2,1
five_class,1,MidpointCompact_LR,1|0265|2,3,3,2
five_class,1,MidpointCompact_LR,1|0266|2,1,1,1
five_class,1,MidpointCompact_LR,1|0267|2,1,1,1
five_class,1,MidpointCompact_LR,1|0268|2,1,1,0
five_class,1,MidpointCompact_LR,1|0269|2,0,0,0
five_class,1,MidpointCompact_LR,1|0270|2,0,0,0
five_class,1,MidpointCompact_LR,1|0271|2,0,0,0
five_class,1,MidpointCompact_LR,1|0272|2,0,0,0
five_class,1,MidpointCompact_LR,1|0301|1,4,4,4
five_class,1,MidpointCompact_LR,1|0302|1,4,4,4
five_class,1,MidpointCompact_LR,1|0303|1,4,4,3
five_class,1,MidpointCompact_LR,1|0304|1,4,4,4
five_class,1,MidpointCompact_LR,1|0305|1,4,4,4
five_class,1,MidpointCompact_LR,1|0306|1,4,4,4
five_class,1,MidpointCompact_LR,1|0307|1,4,4,4
five_class,1,MidpointCompact_LR,1|0308|1,0,0,0
five_class,1,MidpointCompact_LR,1|0309|1,4,4,4
five_class,1,MidpointCompact_LR,1|0310|1,4,4,4
five_class,1,MidpointCompact_LR,1|0311|1,4,4,4
five_class,1,MidpointCompact_LR,1|0312|1,4,4,4
five_class,1,MidpointCompact_LR,1|0313|1,4,4,4
five_class,1,MidpointCompact_LR,1|0314|1,4,4,4
five_class,1,MidpointCompact_LR,1|0315|1,3,3,3
five_class,1,MidpointCompact_LR,1|0316|1,4,4,4
five_class,1,MidpointCompact_LR,1|0317|1,4,4,4
five_class,1,MidpointCompact_LR,1|0318|1,4,4,4
five_class,1,MidpointCompact_LR,1|0319|1,4,4,4
five_class,1,MidpointCompact_LR,1|0320|1,3,3,3
five_class,1,MidpointCompact_LR,1|0321|1,4,4,4
five_class,1,MidpointCompact_LR,1|0322|1,4,4,4
five_class,1,MidpointCompact_LR,1|0323|1,4,4,4
five_class,1,MidpointCompact_LR,1|0324|1,4,4,4
five_class,1,MidpointCompact_LR,1|0325|1,2,2,1
five_class,1,MidpointCompact_LR,1|0326|1,4,4,3
five_class,1,MidpointCompact_LR,1|0327|1,0,0,0
five_class,1,MidpointCompact_LR,1|0328|1,4,4,3
five_class,1,MidpointCompact_LR,1|0329|2,1,1,1
five_class,1,MidpointCompact_LR,1|0330|2,2,2,1
five_class,1,MidpointCompact_LR,1|0331|2,2,2,1
five_class,1,MidpointCompact_LR,1|0332|2,2,2,1
five_class,1,MidpointCompact_LR,1|0333|2,1,1,0
five_class,1,MidpointCompact_LR,1|0334|2,1,1,1
five_class,1,MidpointCompact_LR,1|0335|2,1,1,1
five_class,1,MidpointCompact_LR,1|0336|2,0,0,0
five_class,1,MidpointCompact_LR,1|0337|2,1,1,0
five_class,1,MidpointCompact_LR,1|0338|2,0,0,0
five_class,1,MidpointCompact_LR,1|0339|2,3,3,2
five_class,1,MidpointCompact_LR,1|0340|2,0,0,0
five_class,1,MidpointCompact_LR,1|0341|2,1,1,0
five_class,1,MidpointCompact_LR,1|0342|2,0,0,0
five_class,1,MidpointCompact_LR,1|0343|2,0,0,0
five_class,1,MidpointCompact_LR,1|0344|2,1,1,0
five_class,1,MidpointCompact_LR,1|0345|2,0,0,0
five_class,1,MidpointCompact_LR,1|0346|2,0,0,0
five_class,1,MidpointCompact_LR,1|0347|2,1,1,1
five_class,1,MidpointCompact_LR,1|0348|2,0,0,0
five_class,1,MidpointCompact_LR,1|0349|2,0,0,0
five_class,1,MidpointCompact_LR,1|0350|2,1,1,1
five_class,1,MidpointCompact_LR,1|0351|2,2,2,1
five_class,1,MidpointCompact_LR,1|0352|2,1,1,0
five_class,1,MidpointCompact_LR,1|0353|2,0,0,0
five_class,1,MidpointCompact_LR,1|0354|2,1,1,1
five_class,1,MidpointCompact_LR,1|0355|2,2,2,1
five_class,1,MidpointCompact_LR,1|0356|2,0,0,0
five_class,1,MidpointCompact_LR,1|0357|2,3,3,2
five_class,1,MidpointCompact_LR,1|0358|2,0,0,0
five_class,1,MidpointCompact_LR,1|0359|2,0,0,0
five_class,1,MidpointCompact_LR,1|0360|2,0,0,0
five_class,1,MidpointCompact_LR,1|0361|2,0,0,0
five_class,1,MidpointCompact_LR,1|0362|2,1,1,0
five_class,1,MidpointCompact_LR,1|0363|2,1,1,0
five_class,1,MidpointCompact_LR,1|0364|2,1,1,1
five_class,1,MidpointCompact_LR,1|0365|2,0,0,0
five_class,1,MidpointCompact_LR,1|0366|2,0,0,0
five_class,1,MidpointCompact_LR,1|0367|2,0,0,0
five_class,1,MidpointCompact_LR,1|0368|2,0,0,0
five_class,1,MidpointCompact_LR,1|0369|2,0,0,0
five_class,1,MidpointCompact_LR,1|0401|1,4,4,4
five_class,1,MidpointCompact_LR,1|0402|1,4,4,4
five_class,1,MidpointCompact_LR,1|0403|1,4,4,4
five_class,1,MidpointCompact_LR,1|0404|1,4,4,4
five_class,1,MidpointCompact_LR,1|0405|1,4,4,4
five_class,1,MidpointCompact_LR,1|0406|1,4,4,4
five_class,1,MidpointCompact_LR,1|0407|1,4,4,4
five_class,1,MidpointCompact_LR,1|0408|1,4,4,4
five_class,1,MidpointCompact_LR,1|0409|1,4,4,4
five_class,1,MidpointCompact_LR,1|0410|1,4,4,4
five_class,1,MidpointCompact_LR,1|0411|1,4,4,4
five_class,1,MidpointCompact_LR,1|0412|1,4,4,2
five_class,1,MidpointCompact_LR,1|0413|1,4,4,4
five_class,1,MidpointCompact_LR,1|0414|1,4,4,4
five_class,1,MidpointCompact_LR,1|0415|1,4,4,4
five_class,1,MidpointCompact_LR,1|0416|1,4,4,4
five_class,1,MidpointCompact_LR,1|0417|1,4,4,4
five_class,1,MidpointCompact_LR,1|0418|1,4,4,4
five_class,1,MidpointCompact_LR,1|0419|1,4,4,4
five_class,1,MidpointCompact_LR,1|0420|1,4,4,4
five_class,1,MidpointCompact_LR,1|0421|1,4,4,4
five_class,1,MidpointCompact_LR,1|0422|1,4,4,4
five_class,1,MidpointCompact_LR,1|0423|1,4,4,4
five_class,1,MidpointCompact_LR,1|0424|1,4,4,3
five_class,1,MidpointCompact_LR,1|0425|1,4,4,4
five_class,1,MidpointCompact_LR,1|0426|1,4,4,4
five_class,1,MidpointCompact_LR,1|0427|1,4,4,4
five_class,1,MidpointCompact_LR,1|0428|1,4,4,4
five_class,1,MidpointCompact_LR,1|0429|1,4,4,4
five_class,1,MidpointCompact_LR,1|0430|2,1,1,1
five_class,1,MidpointCompact_LR,1|0431|2,0,0,0
five_class,1,MidpointCompact_LR,1|0432|2,1,1,1
five_class,1,MidpointCompact_LR,1|0433|2,1,1,0
five_class,1,MidpointCompact_LR,1|0434|2,0,0,0
five_class,1,MidpointCompact_LR,1|0435|2,1,1,1
five_class,1,MidpointCompact_LR,1|0436|2,2,2,2
five_class,1,MidpointCompact_LR,1|0437|2,2,2,1
five_class,1,MidpointCompact_LR,1|0438|2,2,2,1
five_class,1,MidpointCompact_LR,1|0439|2,0,0,0
five_class,1,MidpointCompact_LR,1|0440|2,0,0,0
five_class,1,MidpointCompact_LR,1|0441|2,2,2,2
five_class,1,MidpointCompact_LR,1|0442|2,1,1,1
five_class,1,MidpointCompact_LR,1|0443|2,0,0,0
five_class,1,MidpointCompact_LR,1|0444|2,1,1,0
five_class,1,MidpointCompact_LR,1|0445|2,4,4,3
five_class,1,MidpointCompact_LR,1|0446|2,0,0,0
five_class,1,MidpointCompact_LR,1|0447|2,0,0,0
five_class,1,MidpointCompact_LR,1|0448|2,0,0,0
five_class,1,MidpointCompact_LR,1|0449|2,0,0,0
five_class,1,MidpointCompact_LR,1|0450|2,1,1,0
five_class,1,MidpointCompact_LR,1|0451|2,1,1,0
five_class,1,MidpointCompact_LR,1|0452|2,0,0,0
five_class,1,MidpointCompact_LR,1|0453|2,2,2,2
five_class,1,MidpointCompact_LR,1|0454|2,1,1,1
five_class,1,MidpointCompact_LR,1|0455|2,0,0,0
five_class,1,MidpointCompact_LR,1|0456|2,1,1,0
five_class,1,MidpointCompact_LR,1|0457|2,0,0,0
five_class,1,MidpointCompact_LR,1|0458|2,1,1,1
five_class,1,MidpointCompact_LR,1|0459|2,1,1,0
five_class,1,MidpointCompact_LR,1|0460|2,1,1,1
five_class,1,MidpointCompact_LR,1|0461|2,0,0,0
five_class,1,MidpointCompact_LR,1|0462|2,0,0,0
five_class,1,MidpointCompact_LR,1|0463|2,0,0,0
five_class,1,MidpointCompact_LR,1|0464|2,3,3,2
five_class,1,MidpointCompact_LR,1|0465|2,1,1,0
five_class,1,MidpointCompact_LR,1|0466|2,2,2,2
five_class,1,MidpointCompact_LR,1|0467|2,0,0,0
five_class,1,MidpointCompact_LR,1|0468|2,0,0,0
five_class,1,MidpointCompact_LR,1|0469|2,1,1,0
five_class,1,MidpointCompact_LR,1|0470|2,0,0,0
five_class,1,MidpointCompact_LR,1|0471|2,2,2,1
five_class,1,MidpointCompact_LR,1|0472|2,1,1,0
five_class,1,MidpointCompact_LR,1|0473|2,1,1,1
five_class,1,MidpointCompact_LR,1|0474|2,0,0,0
five_class,1,MidpointCompact_LR,1|0475|2,0,0,0
five_class,1,MidpointCompact_LR,1|0476|2,0,0,0
five_class,1,MidpointCompact_LR,1|0477|2,0,0,0
five_class,1,MidpointCompact_LR,1|0478|2,1,1,0
five_class,1,MidpointCompact_LR,1|0479|2,0,0,0
five_class,1,MidpointCompact_LR,1|0480|2,0,0,0
five_class,1,MidpointCompact_LR,1|0481|2,0,0,0
five_class,1,MidpointCompact_LR,1|0501|1,4,4,4
five_class,1,MidpointCompact_LR,1|0502|1,4,4,4
five_class,1,MidpointCompact_LR,1|0503|1,4,4,4
five_class,1,MidpointCompact_LR,1|0504|1,4,4,4
five_class,1,MidpointCompact_LR,1|0505|1,4,4,4
five_class,1,MidpointCompact_LR,1|0506|1,4,4,4
five_class,1,MidpointCompact_LR,1|0507|1,4,4,3
five_class,1,MidpointCompact_LR,1|0508|1,4,4,3
five_class,1,MidpointCompact_LR,1|0509|1,4,4,4
five_class,1,MidpointCompact_LR,1|0510|1,4,4,4
five_class,1,MidpointCompact_LR,1|0511|1,3,3,2
five_class,1,MidpointCompact_LR,1|0512|1,4,4,4
five_class,1,MidpointCompact_LR,1|0513|1,4,4,4
five_class,1,MidpointCompact_LR,1|0514|1,4,4,4
five_class,1,MidpointCompact_LR,1|0515|1,4,4,4
five_class,1,MidpointCompact_LR,1|0516|1,4,4,4
five_class,1,MidpointCompact_LR,1|0517|1,4,4,4
five_class,1,MidpointCompact_LR,1|0518|1,4,4,4
five_class,1,MidpointCompact_LR,1|0519|1,4,4,4
five_class,1,MidpointCompact_LR,1|0520|1,4,4,4
five_class,1,MidpointCompact_LR,1|0521|1,4,4,4
five_class,1,MidpointCompact_LR,1|0522|1,4,4,4
five_class,1,MidpointCompact_LR,1|0523|1,4,4,4
five_class,1,MidpointCompact_LR,1|0524|1,4,4,4
five_class,1,MidpointCompact_LR,1|0525|1,4,4,4
five_class,1,MidpointCompact_LR,1|0526|1,4,4,4
five_class,1,MidpointCompact_LR,1|0527|1,4,4,4
five_class,1,MidpointCompact_LR,1|0528|1,4,4,3
five_class,1,MidpointCompact_LR,1|0529|2,1,1,1
five_class,1,MidpointCompact_LR,1|0530|2,1,1,0
five_class,1,MidpointCompact_LR,1|0531|2,0,0,0
five_class,1,MidpointCompact_LR,1|0532|2,1,1,0
five_class,1,MidpointCompact_LR,1|0533|2,1,1,0
five_class,1,MidpointCompact_LR,1|0534|2,1,1,1
five_class,1,MidpointCompact_LR,1|0535|2,1,1,0
five_class,1,MidpointCompact_LR,1|0536|2,0,0,0
five_class,1,MidpointCompact_LR,1|0537|2,1,1,0
five_class,1,MidpointCompact_LR,1|0538|2,1,1,0
five_class,1,MidpointCompact_LR,1|0539|2,0,0,0
five_class,1,MidpointCompact_LR,1|0540|2,0,0,0
five_class,1,MidpointCompact_LR,1|0541|2,0,0,0
five_class,1,MidpointCompact_LR,1|0542|2,0,0,0
five_class,1,MidpointCompact_LR,1|0543|2,0,0,0
five_class,1,MidpointCompact_LR,1|0544|2,1,1,0
five_class,1,MidpointCompact_LR,1|0545|2,0,0,0
five_class,1,MidpointCompact_LR,1|0546|2,1,1,0
five_class,1,MidpointCompact_LR,1|0547|2,1,1,1
five_class,1,MidpointCompact_LR,1|0548|2,1,1,1
five_class,1,MidpointCompact_LR,1|0549|2,0,0,0
five_class,1,MidpointCompact_LR,1|0550|2,0,0,0
five_class,1,MidpointCompact_LR,1|0551|2,0,0,0
five_class,1,MidpointCompact_LR,1|0552|2,0,0,0
five_class,1,MidpointCompact_LR,1|0553|2,1,1,1
five_class,1,MidpointCompact_LR,1|0554|2,2,2,1
five_class,1,MidpointCompact_LR,1|0555|2,1,1,1
five_class,1,MidpointCompact_LR,1|0556|2,0,0,0
five_class,1,MidpointCompact_LR,1|0557|2,1,1,1
five_class,1,MidpointCompact_LR,1|0558|2,1,1,0
five_class,1,MidpointCompact_LR,1|0559|2,1,1,0
five_class,1,MidpointCompact_LR,1|0560|2,1,1,0
five_class,1,MidpointCompact_LR,1|0561|2,0,0,0
five_class,1,MidpointCompact_LR,1|0562|2,1,1,0
five_class,1,MidpointCompact_LR,1|0563|2,1,1,1
five_class,1,MidpointCompact_LR,1|0564|2,1,1,1
five_class,1,MidpointCompact_LR,1|0565|2,0,0,0
five_class,1,MidpointCompact_LR,1|0566|2,1,1,1
five_class,1,MidpointCompact_LR,1|0567|2,0,0,0
five_class,1,MidpointCompact_LR,1|0568|2,0,0,0
five_class,1,MidpointCompact_LR,1|0601|1,4,4,4
five_class,1,MidpointCompact_LR,1|0602|1,4,4,4
five_class,1,MidpointCompact_LR,1|0603|1,4,4,4
five_class,1,MidpointCompact_LR,1|0604|1,4,4,4
five_class,1,MidpointCompact_LR,1|0605|1,4,4,4
five_class,1,MidpointCompact_LR,1|0606|1,4,4,4
five_class,1,MidpointCompact_LR,1|0607|1,4,4,4
five_class,1,MidpointCompact_LR,1|0608|1,4,4,4
five_class,1,MidpointCompact_LR,1|0609|1,4,4,4
five_class,1,MidpointCompact_LR,1|0610|1,4,4,4
five_class,1,MidpointCompact_LR,1|0611|1,4,4,4
five_class,1,MidpointCompact_LR,1|0612|1,4,4,4
five_class,1,MidpointCompact_LR,1|0613|1,4,4,4
five_class,1,MidpointCompact_LR,1|0614|1,4,4,4
five_class,1,MidpointCompact_LR,1|0615|1,4,4,4
five_class,1,MidpointCompact_LR,1|0616|1,4,4,4
five_class,1,MidpointCompact_LR,1|0617|1,4,4,4
five_class,1,MidpointCompact_LR,1|0618|1,4,4,4
five_class,1,MidpointCompact_LR,1|0619|1,4,4,3
five_class,1,MidpointCompact_LR,1|0620|1,4,4,4
five_class,1,MidpointCompact_LR,1|0621|1,4,4,4
five_class,1,MidpointCompact_LR,1|0622|1,4,4,4
five_class,1,MidpointCompact_LR,1|0623|1,4,4,4
five_class,1,MidpointCompact_LR,1|0624|1,3,3,3
five_class,1,MidpointCompact_LR,1|0625|1,4,4,4
five_class,1,MidpointCompact_LR,1|0626|1,4,4,3
five_class,1,MidpointCompact_LR,1|0627|2,0,0,0
five_class,1,MidpointCompact_LR,1|0628|2,0,0,1
five_class,1,MidpointCompact_LR,1|0629|2,0,0,0
five_class,1,MidpointCompact_LR,1|0630|2,1,1,1
five_class,1,MidpointCompact_LR,1|0631|2,1,1,0
five_class,1,MidpointCompact_LR,1|0632|2,0,0,0
five_class,1,MidpointCompact_LR,1|0633|2,1,1,1
five_class,1,MidpointCompact_LR,1|0634|2,1,1,1
five_class,1,MidpointCompact_LR,1|0635|2,0,0,0
five_class,1,MidpointCompact_LR,1|0636|2,0,0,0
five_class,1,MidpointCompact_LR,1|0637|2,1,1,1
five_class,1,MidpointCompact_LR,1|0638|2,0,0,0
five_class,1,MidpointCompact_LR,1|0639|2,1,1,0
five_class,1,MidpointCompact_LR,1|0640|2,0,0,0
five_class,1,MidpointCompact_LR,1|0641|2,0,0,0
five_class,1,MidpointCompact_LR,1|0642|2,0,0,0
five_class,1,MidpointCompact_LR,1|0643|2,0,0,0
five_class,1,MidpointCompact_LR,1|0644|2,0,0,0
five_class,1,MidpointCompact_LR,1|0645|2,2,2,1
five_class,1,MidpointCompact_LR,1|0646|2,1,1,0
five_class,1,MidpointCompact_LR,1|0647|2,1,1,1
five_class,1,MidpointCompact_LR,1|0648|2,0,0,0
five_class,1,MidpointCompact_LR,1|0649|2,0,0,0
five_class,1,MidpointCompact_LR,1|0650|2,0,0,1
five_class,1,MidpointCompact_LR,1|0651|2,0,0,1
five_class,1,MidpointCompact_LR,1|0652|2,1,1,0
five_class,1,MidpointCompact_LR,1|0653|2,0,0,0
five_class,1,MidpointCompact_LR,1|0654|2,1,1,1
five_class,1,MidpointCompact_LR,1|0655|2,0,0,0
five_class,1,MidpointCompact_LR,1|0656|2,0,0,0
five_class,1,MidpointCompact_LR,1|0657|2,0,0,0
five_class,1,MidpointCompact_LR,1|0658|2,0,0,0
five_class,1,MidpointCompact_LR,1|0659|2,0,0,0
five_class,1,MidpointCompact_LR,1|0660|2,0,0,0
five_class,1,MidpointCompact_LR,1|0661|2,1,1,1
five_class,1,MidpointCompact_LR,1|0662|2,0,0,0
five_class,1,MidpointCompact_LR,1|0663|2,0,0,0
five_class,1,MidpointCompact_LR,1|0664|2,0,0,0
five_class,1,MidpointCompact_LR,1|0665|2,0,0,0
five_class,1,MidpointCompact_LR,1|0666|2,0,0,0
five_class,1,MidpointCompact_LR,1|0667|2,1,1,1
five_class,1,MidpointCompact_LR,1|0668|2,0,0,0
five_class,1,MidpointCompact_LR,1|0669|2,0,0,0
five_class,1,MidpointCompact_LR,1|0670|2,0,0,0
five_class,1,MidpointCompact_LR,1|0671|2,0,0,0
five_class,1,MidpointCompact_LR,1|0672|2,1,1,0
five_class,1,MidpointCompact_LR,1|0673|2,0,0,0
five_class,1,MidpointCompact_LR,1|0674|2,0,0,0
five_class,1,MidpointCompact_LR,1|0675|2,0,0,0
five_class,1,MidpointCompact_LR,1|0677|2,0,0,0
five_class,2,MidpointCompact_LR,2|2101|3,4,4,3
five_class,2,MidpointCompact_LR,2|2102|3,4,4,3
five_class,2,MidpointCompact_LR,2|2103|3,4,4,4
five_class,2,MidpointCompact_LR,2|2104|3,4,4,4
five_class,2,MidpointCompact_LR,2|2105|3,4,4,4
five_class,2,MidpointCompact_LR,2|2106|3,4,4,4
five_class,2,MidpointCompact_LR,2|2107|3,3,3,4
five_class,2,MidpointCompact_LR,2|2108|3,3,3,4
five_class,2,MidpointCompact_LR,2|2109|3,4,4,4
five_class,2,MidpointCompact_LR,2|2110|3,4,4,3
five_class,2,MidpointCompact_LR,2|2111|3,4,4,4
five_class,2,MidpointCompact_LR,2|2112|3,4,4,4
five_class,2,MidpointCompact_LR,2|2113|3,4,4,4
five_class,2,MidpointCompact_LR,2|2114|3,4,4,2
five_class,2,MidpointCompact_LR,2|2115|3,4,4,2
five_class,2,MidpointCompact_LR,2|2116|3,2,2,3
five_class,2,MidpointCompact_LR,2|2117|3,4,4,4
five_class,2,MidpointCompact_LR,2|2118|3,4,4,4
five_class,2,MidpointCompact_LR,2|2119|3,4,4,4
five_class,2,MidpointCompact_LR,2|2120|3,4,4,4
five_class,2,MidpointCompact_LR,2|2121|3,4,4,4
five_class,2,MidpointCompact_LR,2|2122|3,4,4,4
five_class,2,MidpointCompact_LR,2|2123|3,4,4,4
five_class,2,MidpointCompact_LR,2|2124|3,4,4,3
five_class,2,MidpointCompact_LR,2|2125|3,4,4,4
five_class,2,MidpointCompact_LR,2|2126|3,4,4,4
five_class,2,MidpointCompact_LR,2|2127|3,4,4,4
five_class,2,MidpointCompact_LR,2|2128|3,4,4,4
five_class,2,MidpointCompact_LR,2|2129|3,4,4,4
five_class,2,MidpointCompact_LR,2|2130|3,4,4,4
five_class,2,MidpointCompact_LR,2|2131|3,4,4,3
five_class,2,MidpointCompact_LR,2|2132|3,4,4,3
five_class,2,MidpointCompact_LR,2|2133|3,4,4,3
five_class,2,MidpointCompact_LR,2|2134|3,3,3,3
five_class,2,MidpointCompact_LR,2|2201|3,4,4,3
five_class,2,MidpointCompact_LR,2|2202|3,4,4,4
five_class,2,MidpointCompact_LR,2|2203|3,4,4,4
five_class,2,MidpointCompact_LR,2|2204|3,4,4,3
five_class,2,MidpointCompact_LR,2|2205|3,4,4,3
five_class,2,MidpointCompact_LR,2|2206|3,3,3,3
five_class,2,MidpointCompact_LR,2|2207|3,4,4,4
five_class,2,MidpointCompact_LR,2|2208|3,4,4,4
five_class,2,MidpointCompact_LR,2|2209|3,3,3,3
five_class,2,MidpointCompact_LR,2|2210|3,4,4,4
five_class,2,MidpointCompact_LR,2|2211|3,4,4,3
five_class,2,MidpointCompact_LR,2|2212|3,3,3,2
five_class,2,MidpointCompact_LR,2|2213|3,4,4,3
five_class,2,MidpointCompact_LR,2|2214|3,4,4,4
five_class,2,MidpointCompact_LR,2|2215|3,4,4,4
five_class,2,MidpointCompact_LR,2|2216|3,4,4,4
five_class,2,MidpointCompact_LR,2|2217|3,4,4,4
five_class,2,MidpointCompact_LR,2|2218|3,4,4,3
five_class,2,MidpointCompact_LR,2|2219|3,4,4,4
five_class,2,MidpointCompact_LR,2|2220|3,4,4,4
five_class,2,MidpointCompact_LR,2|2221|3,4,4,4
five_class,2,MidpointCompact_LR,2|2222|3,4,4,3
five_class,2,MidpointCompact_LR,2|2223|3,4,4,3
five_class,2,MidpointCompact_LR,2|2224|3,4,4,3
five_class,2,MidpointCompact_LR,2|2225|3,4,4,3
five_class,2,MidpointCompact_LR,2|2226|3,4,4,2
five_class,2,MidpointCompact_LR,2|2227|3,4,4,3
five_class,2,MidpointCompact_LR,2|2228|3,3,3,2
five_class,2,MidpointCompact_LR,2|2229|3,4,4,2
five_class,2,MidpointCompact_LR,2|2301|3,4,4,4
five_class,2,MidpointCompact_LR,2|2302|3,4,4,4
five_class,2,MidpointCompact_LR,2|2303|3,4,4,4
five_class,2,MidpointCompact_LR,2|2304|3,4,4,4
five_class,2,MidpointCompact_LR,2|2305|3,4,4,4
five_class,2,MidpointCompact_LR,2|2306|3,4,4,4
five_class,2,MidpointCompact_LR,2|2307|3,4,4,3
five_class,2,MidpointCompact_LR,2|2308|3,3,3,2
five_class,2,MidpointCompact_LR,2|2309|3,2,2,2
five_class,2,MidpointCompact_LR,2|2310|3,2,2,2
five_class,2,MidpointCompact_LR,2|2311|3,2,2,2
five_class,2,MidpointCompact_LR,2|2401|3,4,4,4
five_class,2,MidpointCompact_LR,2|2402|3,4,4,4
five_class,2,MidpointCompact_LR,2|2403|3,4,4,4
five_class,2,MidpointCompact_LR,2|2404|3,4,4,4
five_class,2,MidpointCompact_LR,2|2405|3,4,4,4
five_class,2,MidpointCompact_LR,2|2406|3,4,4,4
five_class,2,MidpointCompact_LR,2|2407|3,4,4,4
five_class,2,MidpointCompact_LR,2|2408|3,2,2,2
five_class,2,MidpointCompact_LR,2|2409|3,3,3,3
five_class,2,MidpointCompact_LR,2|2410|3,2,2,2
five_class,2,MidpointCompact_LR,2|2411|3,2,2,2
five_class,2,MidpointCompact_LR,2|2412|3,2,2,2
five_class,2,MidpointCompact_LR,2|2501|4,2,2,2
five_class,2,MidpointCompact_LR,2|2502|4,3,3,3
five_class,2,MidpointCompact_LR,2|2503|4,2,2,3
five_class,2,MidpointCompact_LR,2|2504|4,3,3,3
five_class,2,MidpointCompact_LR,2|2505|4,3,3,4
five_class,2,MidpointCompact_LR,2|2506|4,3,3,3
five_class,2,MidpointCompact_LR,2|2507|4,2,2,2
five_class,2,MidpointCompact_LR,2|2508|4,2,2,2
five_class,2,MidpointCompact_LR,2|2509|4,2,2,2
five_class,2,MidpointCompact_LR,2|2510|4,0,0,0
five_class,2,MidpointCompact_LR,2|2511|4,0,0,1
five_class,2,MidpointCompact_LR,2|2512|4,2,2,2
five_class,2,MidpointCompact_LR,2|2513|4,3,3,3
five_class,2,MidpointCompact_LR,2|2514|4,3,3,3
five_class,2,MidpointCompact_LR,2|2515|4,2,2,2
five_class,2,MidpointCompact_LR,2|2516|4,2,2,2
five_class,2,MidpointCompact_LR,2|2517|4,2,2,2
five_class,2,MidpointCompact_LR,2|2518|4,3,3,4
five_class,2,MidpointCompact_LR,2|2519|4,2,2,3
five_class,2,MidpointCompact_LR,2|2520|4,2,2,2
five_class,2,MidpointCompact_LR,2|2521|4,2,2,2
five_class,2,MidpointCompact_LR,2|2522|4,2,2,2
five_class,2,MidpointCompact_LR,2|2601|4,4,4,3
five_class,2,MidpointCompact_LR,2|2602|4,1,1,1
five_class,2,MidpointCompact_LR,2|2603|4,3,3,4
five_class,2,MidpointCompact_LR,2|2604|4,0,0,1
five_class,2,MidpointCompact_LR,2|2605|4,2,2,3
five_class,2,MidpointCompact_LR,2|2606|4,3,3,4
five_class,2,MidpointCompact_LR,2|2607|4,2,2,3
five_class,2,MidpointCompact_LR,2|2608|4,3,3,3
five_class,2,MidpointCompact_LR,2|2609|4,2,2,3
five_class,2,MidpointCompact_LR,2|2610|4,2,2,3
five_class,2,MidpointCompact_LR,2|2611|4,2,2,3
five_class,2,MidpointCompact_LR,2|2612|4,2,2,3
five_class,2,MidpointCompact_LR,2|2613|4,2,2,2
five_class,2,MidpointCompact_LR,2|2614|4,3,3,3
five_class,2,MidpointCompact_LR,2|2615|4,3,3,4
five_class,2,MidpointCompact_LR,2|2616|4,3,3,3
five_class,2,MidpointCompact_LR,2|2617|4,3,3,3
five_class,2,MidpointCompact_LR,2|2618|4,2,2,3
five_class,3,MidpointCompact_LR,3|3101|4,1,1,2
five_class,3,MidpointCompact_LR,3|3102|4,2,2,3
five_class,3,MidpointCompact_LR,3|3103|4,1,1,1
five_class,3,MidpointCompact_LR,3|3104|4,3,3,3
five_class,3,MidpointCompact_LR,3|3105|4,3,3,3
five_class,3,MidpointCompact_LR,3|3106|4,1,1,0
five_class,3,MidpointCompact_LR,3|3107|4,3,3,4
five_class,3,MidpointCompact_LR,3|3108|4,3,3,3
five_class,3,MidpointCompact_LR,3|3109|4,3,3,3
five_class,3,MidpointCompact_LR,3|3110|4,3,3,3
five_class,3,MidpointCompact_LR,3|3111|4,2,2,2
five_class,3,MidpointCompact_LR,3|3112|4,2,2,2
five_class,3,MidpointCompact_LR,3|3113|4,3,3,2
five_class,3,MidpointCompact_LR,3|3114|4,4,4,4
five_class,3,MidpointCompact_LR,3|3115|4,3,3,2
five_class,3,MidpointCompact_LR,3|3116|4,4,4,4
five_class,3,MidpointCompact_LR,3|3117|4,3,3,4
five_class,3,MidpointCompact_LR,3|3118|4,3,3,4
five_class,3,MidpointCompact_LR,3|3119|4,4,4,3
five_class,3,MidpointCompact_LR,3|3120|4,2,2,3
five_class,3,MidpointCompact_LR,3|3121|4,1,1,2
five_class,3,MidpointCompact_LR,3|3122|4,2,2,2
five_class,3,MidpointCompact_LR,3|3123|4,1,1,1
five_class,3,MidpointCompact_LR,3|3124|4,2,2,2
five_class,3,MidpointCompact_LR,3|3125|4,1,1,2
five_class,3,MidpointCompact_LR,3|3126|4,4,4,4
five_class,3,MidpointCompact_LR,3|3127|4,4,4,3
five_class,3,MidpointCompact_LR,3|3128|4,1,1,1
five_class,3,MidpointCompact_LR,3|3129|4,2,2,2
five_class,3,MidpointCompact_LR,3|3130|4,2,2,2
five_class,3,MidpointCompact_LR,3|3131|4,2,2,2
five_class,3,MidpointCompact_LR,3|3132|4,3,3,4
five_class,3,MidpointCompact_LR,3|3133|4,4,4,4
five_class,3,MidpointCompact_LR,3|3134|4,2,2,2
five_class,3,MidpointCompact_LR,3|3135|4,1,1,1
five_class,3,MidpointCompact_LR,3|3136|4,3,3,4
five_class,3,MidpointCompact_LR,3|3137|4,3,3,3
five_class,3,MidpointCompact_LR,3|3138|4,2,2,2
five_class,3,MidpointCompact_LR,3|3139|4,2,2,2
five_class,3,MidpointCompact_LR,3|3140|4,2,2,2
five_class,3,MidpointCompact_LR,3|3141|4,3,3,3
five_class,3,MidpointCompact_LR,3|3142|4,4,4,3
five_class,3,MidpointCompact_LR,3|3143|4,2,2,2
five_class,3,MidpointCompact_LR,3|3144|4,3,3,3
five_class,3,MidpointCompact_LR,3|3145|4,1,1,1
five_class,3,MidpointCompact_LR,3|3146|4,2,2,2
five_class,3,MidpointCompact_LR,3|3147|4,3,3,4
five_class,3,MidpointCompact_LR,3|3148|4,3,3,3
five_class,3,MidpointCompact_LR,3|3149|4,2,2,3
five_class,3,MidpointCompact_LR,3|3150|4,1,1,1
five_class,3,MidpointCompact_LR,3|3151|4,3,3,3
five_class,3,MidpointCompact_LR,3|3152|4,0,0,0
five_class,3,MidpointCompact_LR,3|3153|4,2,2,2
five_class,3,MidpointCompact_LR,3|3154|4,2,2,3
five_class,3,MidpointCompact_LR,3|3155|4,2,2,3
five_class,3,MidpointCompact_LR,3|3156|4,3,3,4
five_class,3,MidpointCompact_LR,3|3157|4,2,2,2
five_class,3,MidpointCompact_LR,3|3158|4,3,3,3
five_class,3,MidpointCompact_LR,3|3159|4,1,1,1
five_class,3,MidpointCompact_LR,3|3160|4,2,2,3
five_class,3,MidpointCompact_LR,3|3161|4,1,1,1
five_class,3,MidpointCompact_LR,3|3162|4,3,3,2
five_class,3,MidpointCompact_LR,3|3163|4,3,3,3
five_class,3,MidpointCompact_LR,3|3164|4,2,2,4
five_class,3,MidpointCompact_LR,3|3165|4,2,2,2
five_class,3,MidpointCompact_LR,3|3166|4,3,3,3
five_class,3,MidpointCompact_LR,3|3167|4,1,1,0
five_class,3,MidpointCompact_LR,3|3168|4,3,3,3
five_class,3,MidpointCompact_LR,3|3169|4,2,2,2
five_class,3,MidpointCompact_LR,3|3170|4,3,3,3
five_class,3,MidpointCompact_LR,3|3171|4,0,0,0
five_class,3,MidpointCompact_LR,3|3172|4,3,3,2
five_class,3,MidpointCompact_LR,3|3173|4,2,2,2
five_class,3,MidpointCompact_LR,3|3174|4,2,2,1
five_class,3,MidpointCompact_LR,3|3201|4,2,2,2
five_class,3,MidpointCompact_LR,3|3202|4,3,3,3
five_class,3,MidpointCompact_LR,3|3203|4,3,3,3
five_class,3,MidpointCompact_LR,3|3204|4,2,2,3
five_class,3,MidpointCompact_LR,3|3205|4,3,3,3
five_class,3,MidpointCompact_LR,3|3206|4,2,2,2
five_class,3,MidpointCompact_LR,3|3207|4,0,0,0
five_class,3,MidpointCompact_LR,3|3208|4,1,1,2
five_class,3,MidpointCompact_LR,3|3209|4,2,2,2
five_class,3,MidpointCompact_LR,3|3210|4,3,3,3
five_class,3,MidpointCompact_LR,3|3211|4,3,3,3
five_class,3,MidpointCompact_LR,3|3212|4,3,3,3
five_class,3,MidpointCompact_LR,3|3213|4,2,2,2
five_class,3,MidpointCompact_LR,3|3214|4,2,2,2
five_class,3,MidpointCompact_LR,3|3215|4,2,2,2
five_class,3,MidpointCompact_LR,3|3216|4,2,2,2
five_class,3,MidpointCompact_LR,3|3217|4,3,3,2
five_class,3,MidpointCompact_LR,3|3218|4,1,1,2
five_class,3,MidpointCompact_LR,3|3219|4,2,2,2
five_class,3,MidpointCompact_LR,3|3220|4,2,2,2
five_class,3,MidpointCompact_LR,3|3221|4,2,2,2
five_class,3,MidpointCompact_LR,3|3222|4,4,4,4
five_class,3,MidpointCompact_LR,3|3223|4,4,4,3
five_class,3,MidpointCompact_LR,3|3224|4,2,2,2
five_class,3,MidpointCompact_LR,3|3225|4,3,3,3
five_class,3,MidpointCompact_LR,3|3226|4,3,3,2
five_class,3,MidpointCompact_LR,3|3227|4,3,3,2
five_class,3,MidpointCompact_LR,3|3228|4,3,3,3
five_class,3,MidpointCompact_LR,3|3229|4,3,3,4
five_class,3,MidpointCompact_LR,3|3230|4,2,2,3
five_class,3,MidpointCompact_LR,3|3231|4,3,3,3
five_class,3,MidpointCompact_LR,3|3232|4,4,4,4
five_class,3,MidpointCompact_LR,3|3233|4,4,4,4
five_class,3,MidpointCompact_LR,3|3234|4,2,2,2
five_class,3,MidpointCompact_LR,3|3235|4,2,2,3
five_class,3,MidpointCompact_LR,3|3236|4,3,3,2
five_class,3,MidpointCompact_LR,3|3237|4,3,3,3
five_class,3,MidpointCompact_LR,3|3238|4,2,2,2
five_class,3,MidpointCompact_LR,3|3239|4,2,2,2
five_class,3,MidpointCompact_LR,3|3240|4,3,3,3
five_class,3,MidpointCompact_LR,3|3241|4,2,2,3
five_class,3,MidpointCompact_LR,3|3242|4,3,3,3
five_class,3,MidpointCompact_LR,3|3243|4,4,4,4
five_class,3,MidpointCompact_LR,3|3244|4,3,3,3
five_class,3,MidpointCompact_LR,3|3245|4,4,4,4
five_class,3,MidpointCompact_LR,3|3246|4,4,4,4
five_class,3,MidpointCompact_LR,3|3247|4,3,3,4
five_class,3,MidpointCompact_LR,3|3248|4,3,3,2
five_class,3,MidpointCompact_LR,3|3249|4,2,2,2
five_class,3,MidpointCompact_LR,3|3250|4,1,1,1
five_class,3,MidpointCompact_LR,3|3251|4,3,3,3
five_class,3,MidpointCompact_LR,3|3252|4,3,3,4
five_class,3,MidpointCompact_LR,3|3253|4,2,2,2
five_class,3,MidpointCompact_LR,3|3254|4,2,2,3
five_class,3,MidpointCompact_LR,3|3255|4,4,4,4
five_class,3,MidpointCompact_LR,3|3256|4,2,2,2
five_class,3,MidpointCompact_LR,3|3257|4,3,3,2
five_class,3,MidpointCompact_LR,3|3258|4,2,2,2
five_class,3,MidpointCompact_LR,3|3259|4,1,1,1
five_class,3,MidpointCompact_LR,3|3260|4,3,3,3
five_class,3,MidpointCompact_LR,3|3261|4,3,3,4
five_class,3,MidpointCompact_LR,3|3262|4,2,2,3
five_class,3,MidpointCompact_LR,3|3263|4,3,3,3
five_class,3,MidpointCompact_LR,3|3264|4,3,3,4
five_class,3,MidpointCompact_LR,3|3265|4,3,3,3
five_class,3,MidpointCompact_LR,3|3266|4,2,2,2
five_class,3,MidpointCompact_LR,3|3267|4,3,3,3
five_class,3,MidpointCompact_LR,3|3268|4,0,0,1
five_class,3,MidpointCompact_LR,3|3269|4,2,2,2
five_class,3,MidpointCompact_LR,3|3270|4,3,3,3
five_class,3,MidpointCompact_LR,3|3271|4,2,2,2
five_class,3,MidpointCompact_LR,3|3301|4,1,1,1
five_class,3,MidpointCompact_LR,3|3302|4,0,0,0
five_class,3,MidpointCompact_LR,3|3303|4,1,1,1
five_class,3,MidpointCompact_LR,3|3304|4,3,3,2
five_class,3,MidpointCompact_LR,3|3305|4,3,3,2
five_class,3,MidpointCompact_LR,3|3306|4,3,3,3
five_class,3,MidpointCompact_LR,3|3307|4,3,3,3
five_class,3,MidpointCompact_LR,3|3308|4,3,3,2
five_class,3,MidpointCompact_LR,3|3309|4,3,3,2
five_class,3,MidpointCompact_LR,3|3310|4,2,2,2
five_class,3,MidpointCompact_LR,3|3311|4,0,0,0
five_class,3,MidpointCompact_LR,3|3312|4,2,2,3
five_class,3,MidpointCompact_LR,3|3313|4,2,2,3
five_class,3,MidpointCompact_LR,3|3314|4,0,0,1
five_class,3,MidpointCompact_LR,3|3315|4,1,1,1
five_class,3,MidpointCompact_LR,3|3316|4,0,0,0
five_class,3,MidpointCompact_LR,3|3317|4,0,0,0
five_class,3,MidpointCompact_LR,3|3318|4,1,1,0
five_class,3,MidpointCompact_LR,3|3319|4,1,1,1
five_class,3,MidpointCompact_LR,3|3320|4,1,1,1
five_class,3,MidpointCompact_LR,3|3321|4,2,2,3
five_class,3,MidpointCompact_LR,3|3322|4,2,2,2
five_class,3,MidpointCompact_LR,3|3323|4,1,1,0
five_class,3,MidpointCompact_LR,3|3324|4,3,3,3
five_class,3,MidpointCompact_LR,3|3325|4,4,4,3
five_class,3,MidpointCompact_LR,3|3326|4,3,3,3
five_class,3,MidpointCompact_LR,3|3327|4,3,3,3
five_class,3,MidpointCompact_LR,3|3328|4,3,3,3
five_class,3,MidpointCompact_LR,3|3329|4,2,2,3
five_class,3,MidpointCompact_LR,3|3330|4,2,2,2
five_class,3,MidpointCompact_LR,3|3331|4,0,0,0
five_class,3,MidpointCompact_LR,3|3332|4,1,1,2
five_class,3,MidpointCompact_LR,3|3333|4,0,0,1
five_class,3,MidpointCompact_LR,3|3334|4,2,2,2
five_class,3,MidpointCompact_LR,3|3335|4,1,1,1
five_class,3,MidpointCompact_LR,3|3336|4,3,3,3
five_class,3,MidpointCompact_LR,3|3337|4,3,3,3
five_class,3,MidpointCompact_LR,3|3338|4,2,2,2
five_class,3,MidpointCompact_LR,3|3339|4,2,2,2
five_class,3,MidpointCompact_LR,3|3340|4,2,2,2
five_class,3,MidpointCompact_LR,3|3341|4,3,3,3
five_class,3,MidpointCompact_LR,3|3342|4,2,2,3
five_class,3,MidpointCompact_LR,3|3343|4,2,2,2
five_class,3,MidpointCompact_LR,3|3344|4,1,1,0
five_class,3,MidpointCompact_LR,3|3345|4,3,3,3
five_class,3,MidpointCompact_LR,3|3346|4,3,3,3
five_class,3,MidpointCompact_LR,3|3347|4,2,2,2
five_class,3,MidpointCompact_LR,3|3348|4,1,1,1
five_class,3,MidpointCompact_LR,3|3349|4,1,1,1
five_class,3,MidpointCompact_LR,3|3350|4,3,3,4
five_class,3,MidpointCompact_LR,3|3351|4,3,3,3
five_class,3,MidpointCompact_LR,3|3352|4,2,2,2
five_class,3,MidpointCompact_LR,3|3353|4,0,0,0
five_class,3,MidpointCompact_LR,3|3354|4,2,2,2
five_class,3,MidpointCompact_LR,3|3355|4,2,2,3
five_class,3,MidpointCompact_LR,3|3356|4,2,2,2
five_class,3,MidpointCompact_LR,3|3357|4,1,1,1
five_class,3,MidpointCompact_LR,3|3358|4,2,2,2
five_class,3,MidpointCompact_LR,3|3359|4,3,3,2
five_class,3,MidpointCompact_LR,3|3360|4,0,0,0
five_class,3,MidpointCompact_LR,3|3361|4,1,1,2
five_class,3,MidpointCompact_LR,3|3362|4,0,0,0
five_class,3,MidpointCompact_LR,3|3363|4,1,1,2
five_class,3,MidpointCompact_LR,3|3364|4,2,2,2
five_class,3,MidpointCompact_LR,3|3365|4,2,2,2
five_class,3,MidpointCompact_LR,3|3366|4,2,2,2
five_class,3,MidpointCompact_LR,3|3367|4,1,1,1
five_class,4,MidpointCompact_LR,4|4101|4,3,3,3
five_class,4,MidpointCompact_LR,4|4102|4,2,2,4
five_class,4,MidpointCompact_LR,4|4103|4,3,3,3
five_class,4,MidpointCompact_LR,4|4104|4,4,4,4
five_class,4,MidpointCompact_LR,4|4105|4,4,4,4
five_class,4,MidpointCompact_LR,4|4106|4,1,1,1
five_class,4,MidpointCompact_LR,4|4107|4,1,1,0
five_class,4,MidpointCompact_LR,4|4108|4,3,3,4
five_class,4,MidpointCompact_LR,4|4109|4,4,4,4
five_class,4,MidpointCompact_LR,4|4110|4,3,3,3
five_class,4,MidpointCompact_LR,4|4111|4,4,4,4
five_class,4,MidpointCompact_LR,4|4112|4,3,3,4
five_class,4,MidpointCompact_LR,4|4113|4,3,3,3
five_class,4,MidpointCompact_LR,4|4114|4,0,0,1
five_class,4,MidpointCompact_LR,4|4115|4,2,2,3
five_class,4,MidpointCompact_LR,4|4116|4,3,3,3
five_class,4,MidpointCompact_LR,4|4117|4,3,3,3
five_class,4,MidpointCompact_LR,4|4118|4,4,4,4
five_class,4,MidpointCompact_LR,4|4119|4,3,3,3
five_class,4,MidpointCompact_LR,4|4120|4,3,3,3
five_class,4,MidpointCompact_LR,4|4121|4,3,3,3
five_class,4,MidpointCompact_LR,4|4122|4,3,3,3
five_class,4,MidpointCompact_LR,4|4201|4,3,3,3
five_class,4,MidpointCompact_LR,4|4202|4,2,2,2
five_class,4,MidpointCompact_LR,4|4203|4,3,3,3
five_class,4,MidpointCompact_LR,4|4204|4,3,3,4
five_class,4,MidpointCompact_LR,4|4205|4,3,3,3
five_class,4,MidpointCompact_LR,4|4206|4,3,3,3
five_class,4,MidpointCompact_LR,4|4207|4,3,3,3
five_class,4,MidpointCompact_LR,4|4208|4,0,0,0
five_class,4,MidpointCompact_LR,4|4209|4,3,3,3
five_class,4,MidpointCompact_LR,4|4210|4,4,4,4
five_class,4,MidpointCompact_LR,4|4211|4,3,3,3
five_class,4,MidpointCompact_LR,4|4212|4,3,3,3
five_class,4,MidpointCompact_LR,4|4213|4,1,1,3
five_class,4,MidpointCompact_LR,4|4214|4,3,3,3
five_class,4,MidpointCompact_LR,4|4215|4,3,3,3
five_class,4,MidpointCompact_LR,4|4216|4,3,3,3
five_class,4,MidpointCompact_LR,4|4217|4,3,3,3
five_class,4,MidpointCompact_LR,4|4218|4,3,3,3
five_class,4,MidpointCompact_LR,4|4301|4,2,2,3
five_class,4,MidpointCompact_LR,4|4302|4,2,2,3
five_class,4,MidpointCompact_LR,4|4303|4,3,3,3
five_class,4,MidpointCompact_LR,4|4304|4,3,3,3
five_class,4,MidpointCompact_LR,4|4305|4,4,4,3
five_class,4,MidpointCompact_LR,4|4306|4,3,3,3
five_class,4,MidpointCompact_LR,4|4307|4,3,3,3
five_class,4,MidpointCompact_LR,4|4308|4,3,3,3
five_class,4,MidpointCompact_LR,4|4309|4,3,3,3
five_class,4,MidpointCompact_LR,4|4310|4,3,3,3
five_class,4,MidpointCompact_LR,4|4311|4,3,3,3
five_class,4,MidpointCompact_LR,4|4312|4,3,3,3
five_class,4,MidpointCompact_LR,4|4313|4,3,3,3
five_class,4,MidpointCompact_LR,4|4314|4,2,2,2
five_class,4,MidpointCompact_LR,4|4315|4,3,3,3
five_class,4,MidpointCompact_LR,4|4316|4,3,3,3
five_class,4,MidpointCompact_LR,4|4317|4,2,2,3
five_class,4,MidpointCompact_LR,4|4318|4,2,2,2
five_class,4,MidpointCompact_LR,4|4319|4,2,2,3
five_class,4,MidpointCompact_LR,4|4320|4,3,3,3
five_class,4,MidpointCompact_LR,4|4401|4,3,3,3
five_class,4,MidpointCompact_LR,4|4402|4,3,3,4
five_class,4,MidpointCompact_LR,4|4403|4,3,3,3
five_class,4,MidpointCompact_LR,4|4404|4,3,3,3
five_class,4,MidpointCompact_LR,4|4405|4,3,3,3
five_class,4,MidpointCompact_LR,4|4406|4,3,3,3
five_class,4,MidpointCompact_LR,4|4407|4,3,3,3
five_class,4,MidpointCompact_LR,4|4408|4,3,3,3
five_class,4,MidpointCompact_LR,4|4409|4,2,2,2
five_class,4,MidpointCompact_LR,4|4410|4,3,3,3
five_class,4,MidpointCompact_LR,4|4411|4,3,3,4
five_class,4,MidpointCompact_LR,4|4412|4,3,3,4
five_class,4,MidpointCompact_LR,4|4413|4,2,2,3
five_class,4,MidpointCompact_LR,4|4414|4,3,3,3
five_class,4,MidpointCompact_LR,4|4415|4,3,3,3
five_class,4,MidpointCompact_LR,4|4416|4,2,2,3
five_class,4,MidpointCompact_LR,4|4417|4,3,3,4
five_class,4,MidpointCompact_LR,4|4418|4,4,4,3
five_class,4,MidpointCompact_LR,4|4501|4,3,3,3
five_class,4,MidpointCompact_LR,4|4502|4,3,3,3
five_class,4,MidpointCompact_LR,4|4503|4,4,4,4
five_class,4,MidpointCompact_LR,4|4504|4,2,2,3
five_class,4,MidpointCompact_LR,4|4505|4,3,3,4
five_class,4,MidpointCompact_LR,4|4506|4,3,3,4
five_class,4,MidpointCompact_LR,4|4507|4,4,4,4
five_class,4,MidpointCompact_LR,4|4508|4,4,4,4
five_class,4,MidpointCompact_LR,4|4509|4,2,2,3
five_class,4,MidpointCompact_LR,4|4510|4,4,4,4
five_class,4,MidpointCompact_LR,4|4511|4,2,2,2
five_class,4,MidpointCompact_LR,4|4512|4,3,3,3
five_class,4,MidpointCompact_LR,4|4513|4,2,2,3
five_class,4,MidpointCompact_LR,4|4601|4,3,3,3
five_class,4,MidpointCompact_LR,4|4602|4,3,3,3
five_class,4,MidpointCompact_LR,4|4603|4,2,2,3
five_class,4,MidpointCompact_LR,4|4604|4,3,3,3
five_class,4,MidpointCompact_LR,4|4605|4,3,3,3
five_class,4,MidpointCompact_LR,4|4606|4,2,2,3
five_class,4,MidpointCompact_LR,4|4607|4,3,3,3
five_class,4,MidpointCompact_LR,4|4608|4,1,1,2
five_class,4,MidpointCompact_LR,4|4609|4,3,3,3
five_class,4,MidpointCompact_LR,4|4610|4,2,2,4
five_class,4,MidpointCompact_LR,4|4611|4,3,3,4
five_class,4,MidpointCompact_LR,4|4612|4,3,3,3
five_class,4,MidpointCompact_LR,4|4613|4,2,2,3
